"id";"attack";"defense";"generation";"hp";"legendary";"name";"pokedexNumber";"specialAttack";"specialDefense";"speed";"total";"type1";"type2"
2;49;49;1;45;"False";"Bulbasaur";1;65;65;45;318;"Grass";"Poison"
3;62;63;1;60;"False";"Ivysaur";2;80;80;60;405;"Grass";"Poison"
4;82;83;1;80;"False";"Venusaur";3;100;100;80;525;"Grass";"Poison"
5;100;123;1;80;"False";"VenusaurMega Venusaur";3;122;120;80;625;"Grass";"Poison"
6;52;43;1;39;"False";"Charmander";4;60;50;65;309;"Fire";""
7;64;58;1;58;"False";"Charmeleon";5;80;65;80;405;"Fire";""
8;84;78;1;78;"False";"Charizard";6;109;85;100;534;"Fire";"Flying"
9;130;111;1;78;"False";"CharizardMega Charizard X";6;130;85;100;634;"Fire";"Dragon"
10;104;78;1;78;"False";"CharizardMega Charizard Y";6;159;115;100;634;"Fire";"Flying"
11;48;65;1;44;"False";"Squirtle";7;50;64;43;314;"Water";""
12;63;80;1;59;"False";"Wartortle";8;65;80;58;405;"Water";""
13;83;100;1;79;"False";"Blastoise";9;85;105;78;530;"Water";""
14;103;120;1;79;"False";"BlastoiseMega Blastoise";9;135;115;78;630;"Water";""
15;30;35;1;45;"False";"Caterpie";10;20;20;45;195;"Bug";""
16;20;55;1;50;"False";"Metapod";11;25;25;30;205;"Bug";""
17;45;50;1;60;"False";"Butterfree";12;90;80;70;395;"Bug";"Flying"
18;35;30;1;40;"False";"Weedle";13;20;20;50;195;"Bug";"Poison"
19;25;50;1;45;"False";"Kakuna";14;25;25;35;205;"Bug";"Poison"
20;90;40;1;65;"False";"Beedrill";15;45;80;75;395;"Bug";"Poison"
21;150;40;1;65;"False";"BeedrillMega Beedrill";15;15;80;145;495;"Bug";"Poison"
22;45;40;1;40;"False";"Pidgey";16;35;35;56;251;"Normal";"Flying"
23;60;55;1;63;"False";"Pidgeotto";17;50;50;71;349;"Normal";"Flying"
24;80;75;1;83;"False";"Pidgeot";18;70;70;101;479;"Normal";"Flying"
25;80;80;1;83;"False";"PidgeotMega Pidgeot";18;135;80;121;579;"Normal";"Flying"
26;56;35;1;30;"False";"Rattata";19;25;35;72;253;"Normal";""
27;81;60;1;55;"False";"Raticate";20;50;70;97;413;"Normal";""
28;60;30;1;40;"False";"Spearow";21;31;31;70;262;"Normal";"Flying"
29;90;65;1;65;"False";"Fearow";22;61;61;100;442;"Normal";"Flying"
30;60;44;1;35;"False";"Ekans";23;40;54;55;288;"Poison";""
31;85;69;1;60;"False";"Arbok";24;65;79;80;438;"Poison";""
32;55;40;1;35;"False";"Pikachu";25;50;50;90;320;"Electric";""
33;90;55;1;60;"False";"Raichu";26;90;80;110;485;"Electric";""
34;75;85;1;50;"False";"Sandshrew";27;20;30;40;300;"Ground";""
35;100;110;1;75;"False";"Sandslash";28;45;55;65;450;"Ground";""
36;47;52;1;55;"False";"Nidoran♀";29;40;40;41;275;"Poison";""
37;62;67;1;70;"False";"Nidorina";30;55;55;56;365;"Poison";""
38;92;87;1;90;"False";"Nidoqueen";31;75;85;76;505;"Poison";"Ground"
39;57;40;1;46;"False";"Nidoran♂";32;40;40;50;273;"Poison";""
40;72;57;1;61;"False";"Nidorino";33;55;55;65;365;"Poison";""
41;102;77;1;81;"False";"Nidoking";34;85;75;85;505;"Poison";"Ground"
42;45;48;1;70;"False";"Clefairy";35;60;65;35;323;"Fairy";""
43;70;73;1;95;"False";"Clefable";36;95;90;60;483;"Fairy";""
44;41;40;1;38;"False";"Vulpix";37;50;65;65;299;"Fire";""
45;76;75;1;73;"False";"Ninetales";38;81;100;100;505;"Fire";""
46;45;20;1;115;"False";"Jigglypuff";39;45;25;20;270;"Normal";"Fairy"
47;70;45;1;140;"False";"Wigglytuff";40;85;50;45;435;"Normal";"Fairy"
48;45;35;1;40;"False";"Zubat";41;30;40;55;245;"Poison";"Flying"
49;80;70;1;75;"False";"Golbat";42;65;75;90;455;"Poison";"Flying"
50;50;55;1;45;"False";"Oddish";43;75;65;30;320;"Grass";"Poison"
51;65;70;1;60;"False";"Gloom";44;85;75;40;395;"Grass";"Poison"
52;80;85;1;75;"False";"Vileplume";45;110;90;50;490;"Grass";"Poison"
53;70;55;1;35;"False";"Paras";46;45;55;25;285;"Bug";"Grass"
54;95;80;1;60;"False";"Parasect";47;60;80;30;405;"Bug";"Grass"
55;55;50;1;60;"False";"Venonat";48;40;55;45;305;"Bug";"Poison"
56;65;60;1;70;"False";"Venomoth";49;90;75;90;450;"Bug";"Poison"
57;55;25;1;10;"False";"Diglett";50;35;45;95;265;"Ground";""
58;80;50;1;35;"False";"Dugtrio";51;50;70;120;405;"Ground";""
59;45;35;1;40;"False";"Meowth";52;40;40;90;290;"Normal";""
60;70;60;1;65;"False";"Persian";53;65;65;115;440;"Normal";""
61;52;48;1;50;"False";"Psyduck";54;65;50;55;320;"Water";""
62;82;78;1;80;"False";"Golduck";55;95;80;85;500;"Water";""
63;80;35;1;40;"False";"Mankey";56;35;45;70;305;"Fighting";""
64;105;60;1;65;"False";"Primeape";57;60;70;95;455;"Fighting";""
65;70;45;1;55;"False";"Growlithe";58;70;50;60;350;"Fire";""
66;110;80;1;90;"False";"Arcanine";59;100;80;95;555;"Fire";""
67;50;40;1;40;"False";"Poliwag";60;40;40;90;300;"Water";""
68;65;65;1;65;"False";"Poliwhirl";61;50;50;90;385;"Water";""
69;95;95;1;90;"False";"Poliwrath";62;70;90;70;510;"Water";"Fighting"
70;20;15;1;25;"False";"Abra";63;105;55;90;310;"Psychic";""
71;35;30;1;40;"False";"Kadabra";64;120;70;105;400;"Psychic";""
72;50;45;1;55;"False";"Alakazam";65;135;95;120;500;"Psychic";""
73;50;65;1;55;"False";"AlakazamMega Alakazam";65;175;95;150;590;"Psychic";""
74;80;50;1;70;"False";"Machop";66;35;35;35;305;"Fighting";""
75;100;70;1;80;"False";"Machoke";67;50;60;45;405;"Fighting";""
76;130;80;1;90;"False";"Machamp";68;65;85;55;505;"Fighting";""
77;75;35;1;50;"False";"Bellsprout";69;70;30;40;300;"Grass";"Poison"
78;90;50;1;65;"False";"Weepinbell";70;85;45;55;390;"Grass";"Poison"
79;105;65;1;80;"False";"Victreebel";71;100;70;70;490;"Grass";"Poison"
80;40;35;1;40;"False";"Tentacool";72;50;100;70;335;"Water";"Poison"
81;70;65;1;80;"False";"Tentacruel";73;80;120;100;515;"Water";"Poison"
82;80;100;1;40;"False";"Geodude";74;30;30;20;300;"Rock";"Ground"
83;95;115;1;55;"False";"Graveler";75;45;45;35;390;"Rock";"Ground"
84;120;130;1;80;"False";"Golem";76;55;65;45;495;"Rock";"Ground"
85;85;55;1;50;"False";"Ponyta";77;65;65;90;410;"Fire";""
86;100;70;1;65;"False";"Rapidash";78;80;80;105;500;"Fire";""
87;65;65;1;90;"False";"Slowpoke";79;40;40;15;315;"Water";"Psychic"
88;75;110;1;95;"False";"Slowbro";80;100;80;30;490;"Water";"Psychic"
89;75;180;1;95;"False";"SlowbroMega Slowbro";80;130;80;30;590;"Water";"Psychic"
90;35;70;1;25;"False";"Magnemite";81;95;55;45;325;"Electric";"Steel"
91;60;95;1;50;"False";"Magneton";82;120;70;70;465;"Electric";"Steel"
92;65;55;1;52;"False";"Farfetch'd";83;58;62;60;352;"Normal";"Flying"
93;85;45;1;35;"False";"Doduo";84;35;35;75;310;"Normal";"Flying"
94;110;70;1;60;"False";"Dodrio";85;60;60;100;460;"Normal";"Flying"
95;45;55;1;65;"False";"Seel";86;45;70;45;325;"Water";""
96;70;80;1;90;"False";"Dewgong";87;70;95;70;475;"Water";"Ice"
97;80;50;1;80;"False";"Grimer";88;40;50;25;325;"Poison";""
98;105;75;1;105;"False";"Muk";89;65;100;50;500;"Poison";""
99;65;100;1;30;"False";"Shellder";90;45;25;40;305;"Water";""
100;95;180;1;50;"False";"Cloyster";91;85;45;70;525;"Water";"Ice"
101;35;30;1;30;"False";"Gastly";92;100;35;80;310;"Ghost";"Poison"
102;50;45;1;45;"False";"Haunter";93;115;55;95;405;"Ghost";"Poison"
103;65;60;1;60;"False";"Gengar";94;130;75;110;500;"Ghost";"Poison"
104;65;80;1;60;"False";"GengarMega Gengar";94;170;95;130;600;"Ghost";"Poison"
105;45;160;1;35;"False";"Onix";95;30;45;70;385;"Rock";"Ground"
106;48;45;1;60;"False";"Drowzee";96;43;90;42;328;"Psychic";""
107;73;70;1;85;"False";"Hypno";97;73;115;67;483;"Psychic";""
108;105;90;1;30;"False";"Krabby";98;25;25;50;325;"Water";""
109;130;115;1;55;"False";"Kingler";99;50;50;75;475;"Water";""
110;30;50;1;40;"False";"Voltorb";100;55;55;100;330;"Electric";""
111;50;70;1;60;"False";"Electrode";101;80;80;140;480;"Electric";""
112;40;80;1;60;"False";"Exeggcute";102;60;45;40;325;"Grass";"Psychic"
113;95;85;1;95;"False";"Exeggutor";103;125;65;55;520;"Grass";"Psychic"
114;50;95;1;50;"False";"Cubone";104;40;50;35;320;"Ground";""
115;80;110;1;60;"False";"Marowak";105;50;80;45;425;"Ground";""
116;120;53;1;50;"False";"Hitmonlee";106;35;110;87;455;"Fighting";""
117;105;79;1;50;"False";"Hitmonchan";107;35;110;76;455;"Fighting";""
118;55;75;1;90;"False";"Lickitung";108;60;75;30;385;"Normal";""
119;65;95;1;40;"False";"Koffing";109;60;45;35;340;"Poison";""
120;90;120;1;65;"False";"Weezing";110;85;70;60;490;"Poison";""
121;85;95;1;80;"False";"Rhyhorn";111;30;30;25;345;"Ground";"Rock"
122;130;120;1;105;"False";"Rhydon";112;45;45;40;485;"Ground";"Rock"
123;5;5;1;250;"False";"Chansey";113;35;105;50;450;"Normal";""
124;55;115;1;65;"False";"Tangela";114;100;40;60;435;"Grass";""
125;95;80;1;105;"False";"Kangaskhan";115;40;80;90;490;"Normal";""
126;125;100;1;105;"False";"KangaskhanMega Kangaskhan";115;60;100;100;590;"Normal";""
127;40;70;1;30;"False";"Horsea";116;70;25;60;295;"Water";""
128;65;95;1;55;"False";"Seadra";117;95;45;85;440;"Water";""
129;67;60;1;45;"False";"Goldeen";118;35;50;63;320;"Water";""
130;92;65;1;80;"False";"Seaking";119;65;80;68;450;"Water";""
131;45;55;1;30;"False";"Staryu";120;70;55;85;340;"Water";""
132;75;85;1;60;"False";"Starmie";121;100;85;115;520;"Water";"Psychic"
133;45;65;1;40;"False";"Mr. Mime";122;100;120;90;460;"Psychic";"Fairy"
134;110;80;1;70;"False";"Scyther";123;55;80;105;500;"Bug";"Flying"
135;50;35;1;65;"False";"Jynx";124;115;95;95;455;"Ice";"Psychic"
136;83;57;1;65;"False";"Electabuzz";125;95;85;105;490;"Electric";""
137;95;57;1;65;"False";"Magmar";126;100;85;93;495;"Fire";""
138;125;100;1;65;"False";"Pinsir";127;55;70;85;500;"Bug";""
139;155;120;1;65;"False";"PinsirMega Pinsir";127;65;90;105;600;"Bug";"Flying"
140;100;95;1;75;"False";"Tauros";128;40;70;110;490;"Normal";""
141;10;55;1;20;"False";"Magikarp";129;15;20;80;200;"Water";""
142;125;79;1;95;"False";"Gyarados";130;60;100;81;540;"Water";"Flying"
143;155;109;1;95;"False";"GyaradosMega Gyarados";130;70;130;81;640;"Water";"Dark"
144;85;80;1;130;"False";"Lapras";131;85;95;60;535;"Water";"Ice"
145;48;48;1;48;"False";"Ditto";132;48;48;48;288;"Normal";""
146;55;50;1;55;"False";"Eevee";133;45;65;55;325;"Normal";""
147;65;60;1;130;"False";"Vaporeon";134;110;95;65;525;"Water";""
148;65;60;1;65;"False";"Jolteon";135;110;95;130;525;"Electric";""
149;130;60;1;65;"False";"Flareon";136;95;110;65;525;"Fire";""
150;60;70;1;65;"False";"Porygon";137;85;75;40;395;"Normal";""
151;40;100;1;35;"False";"Omanyte";138;90;55;35;355;"Rock";"Water"
152;60;125;1;70;"False";"Omastar";139;115;70;55;495;"Rock";"Water"
153;80;90;1;30;"False";"Kabuto";140;55;45;55;355;"Rock";"Water"
154;115;105;1;60;"False";"Kabutops";141;65;70;80;495;"Rock";"Water"
155;105;65;1;80;"False";"Aerodactyl";142;60;75;130;515;"Rock";"Flying"
156;135;85;1;80;"False";"AerodactylMega Aerodactyl";142;70;95;150;615;"Rock";"Flying"
157;110;65;1;160;"False";"Snorlax";143;65;110;30;540;"Normal";""
158;85;100;1;90;"True";"Articuno";144;95;125;85;580;"Ice";"Flying"
159;90;85;1;90;"True";"Zapdos";145;125;90;100;580;"Electric";"Flying"
160;100;90;1;90;"True";"Moltres";146;125;85;90;580;"Fire";"Flying"
161;64;45;1;41;"False";"Dratini";147;50;50;50;300;"Dragon";""
162;84;65;1;61;"False";"Dragonair";148;70;70;70;420;"Dragon";""
163;134;95;1;91;"False";"Dragonite";149;100;100;80;600;"Dragon";"Flying"
164;110;90;1;106;"True";"Mewtwo";150;154;90;130;680;"Psychic";""
165;190;100;1;106;"True";"MewtwoMega Mewtwo X";150;154;100;130;780;"Psychic";"Fighting"
166;150;70;1;106;"True";"MewtwoMega Mewtwo Y";150;194;120;140;780;"Psychic";""
167;100;100;1;100;"False";"Mew";151;100;100;100;600;"Psychic";""
168;49;65;2;45;"False";"Chikorita";152;49;65;45;318;"Grass";""
169;62;80;2;60;"False";"Bayleef";153;63;80;60;405;"Grass";""
170;82;100;2;80;"False";"Meganium";154;83;100;80;525;"Grass";""
171;52;43;2;39;"False";"Cyndaquil";155;60;50;65;309;"Fire";""
172;64;58;2;58;"False";"Quilava";156;80;65;80;405;"Fire";""
173;84;78;2;78;"False";"Typhlosion";157;109;85;100;534;"Fire";""
174;65;64;2;50;"False";"Totodile";158;44;48;43;314;"Water";""
175;80;80;2;65;"False";"Croconaw";159;59;63;58;405;"Water";""
176;105;100;2;85;"False";"Feraligatr";160;79;83;78;530;"Water";""
177;46;34;2;35;"False";"Sentret";161;35;45;20;215;"Normal";""
178;76;64;2;85;"False";"Furret";162;45;55;90;415;"Normal";""
179;30;30;2;60;"False";"Hoothoot";163;36;56;50;262;"Normal";"Flying"
180;50;50;2;100;"False";"Noctowl";164;76;96;70;442;"Normal";"Flying"
181;20;30;2;40;"False";"Ledyba";165;40;80;55;265;"Bug";"Flying"
182;35;50;2;55;"False";"Ledian";166;55;110;85;390;"Bug";"Flying"
183;60;40;2;40;"False";"Spinarak";167;40;40;30;250;"Bug";"Poison"
184;90;70;2;70;"False";"Ariados";168;60;60;40;390;"Bug";"Poison"
185;90;80;2;85;"False";"Crobat";169;70;80;130;535;"Poison";"Flying"
186;38;38;2;75;"False";"Chinchou";170;56;56;67;330;"Water";"Electric"
187;58;58;2;125;"False";"Lanturn";171;76;76;67;460;"Water";"Electric"
188;40;15;2;20;"False";"Pichu";172;35;35;60;205;"Electric";""
189;25;28;2;50;"False";"Cleffa";173;45;55;15;218;"Fairy";""
190;30;15;2;90;"False";"Igglybuff";174;40;20;15;210;"Normal";"Fairy"
191;20;65;2;35;"False";"Togepi";175;40;65;20;245;"Fairy";""
192;40;85;2;55;"False";"Togetic";176;80;105;40;405;"Fairy";"Flying"
193;50;45;2;40;"False";"Natu";177;70;45;70;320;"Psychic";"Flying"
194;75;70;2;65;"False";"Xatu";178;95;70;95;470;"Psychic";"Flying"
195;40;40;2;55;"False";"Mareep";179;65;45;35;280;"Electric";""
196;55;55;2;70;"False";"Flaaffy";180;80;60;45;365;"Electric";""
197;75;85;2;90;"False";"Ampharos";181;115;90;55;510;"Electric";""
198;95;105;2;90;"False";"AmpharosMega Ampharos";181;165;110;45;610;"Electric";"Dragon"
199;80;95;2;75;"False";"Bellossom";182;90;100;50;490;"Grass";""
200;20;50;2;70;"False";"Marill";183;20;50;40;250;"Water";"Fairy"
201;50;80;2;100;"False";"Azumarill";184;60;80;50;420;"Water";"Fairy"
202;100;115;2;70;"False";"Sudowoodo";185;30;65;30;410;"Rock";""
203;75;75;2;90;"False";"Politoed";186;90;100;70;500;"Water";""
204;35;40;2;35;"False";"Hoppip";187;35;55;50;250;"Grass";"Flying"
205;45;50;2;55;"False";"Skiploom";188;45;65;80;340;"Grass";"Flying"
206;55;70;2;75;"False";"Jumpluff";189;55;95;110;460;"Grass";"Flying"
207;70;55;2;55;"False";"Aipom";190;40;55;85;360;"Normal";""
208;30;30;2;30;"False";"Sunkern";191;30;30;30;180;"Grass";""
209;75;55;2;75;"False";"Sunflora";192;105;85;30;425;"Grass";""
210;65;45;2;65;"False";"Yanma";193;75;45;95;390;"Bug";"Flying"
211;45;45;2;55;"False";"Wooper";194;25;25;15;210;"Water";"Ground"
212;85;85;2;95;"False";"Quagsire";195;65;65;35;430;"Water";"Ground"
213;65;60;2;65;"False";"Espeon";196;130;95;110;525;"Psychic";""
214;65;110;2;95;"False";"Umbreon";197;60;130;65;525;"Dark";""
215;85;42;2;60;"False";"Murkrow";198;85;42;91;405;"Dark";"Flying"
216;75;80;2;95;"False";"Slowking";199;100;110;30;490;"Water";"Psychic"
217;60;60;2;60;"False";"Misdreavus";200;85;85;85;435;"Ghost";""
218;72;48;2;48;"False";"Unown";201;72;48;48;336;"Psychic";""
219;33;58;2;190;"False";"Wobbuffet";202;33;58;33;405;"Psychic";""
220;80;65;2;70;"False";"Girafarig";203;90;65;85;455;"Normal";"Psychic"
221;65;90;2;50;"False";"Pineco";204;35;35;15;290;"Bug";""
222;90;140;2;75;"False";"Forretress";205;60;60;40;465;"Bug";"Steel"
223;70;70;2;100;"False";"Dunsparce";206;65;65;45;415;"Normal";""
224;75;105;2;65;"False";"Gligar";207;35;65;85;430;"Ground";"Flying"
225;85;200;2;75;"False";"Steelix";208;55;65;30;510;"Steel";"Ground"
226;125;230;2;75;"False";"SteelixMega Steelix";208;55;95;30;610;"Steel";"Ground"
227;80;50;2;60;"False";"Snubbull";209;40;40;30;300;"Fairy";""
228;120;75;2;90;"False";"Granbull";210;60;60;45;450;"Fairy";""
229;95;75;2;65;"False";"Qwilfish";211;55;55;85;430;"Water";"Poison"
230;130;100;2;70;"False";"Scizor";212;55;80;65;500;"Bug";"Steel"
231;150;140;2;70;"False";"ScizorMega Scizor";212;65;100;75;600;"Bug";"Steel"
232;10;230;2;20;"False";"Shuckle";213;10;230;5;505;"Bug";"Rock"
233;125;75;2;80;"False";"Heracross";214;40;95;85;500;"Bug";"Fighting"
234;185;115;2;80;"False";"HeracrossMega Heracross";214;40;105;75;600;"Bug";"Fighting"
235;95;55;2;55;"False";"Sneasel";215;35;75;115;430;"Dark";"Ice"
236;80;50;2;60;"False";"Teddiursa";216;50;50;40;330;"Normal";""
237;130;75;2;90;"False";"Ursaring";217;75;75;55;500;"Normal";""
238;40;40;2;40;"False";"Slugma";218;70;40;20;250;"Fire";""
239;50;120;2;50;"False";"Magcargo";219;80;80;30;410;"Fire";"Rock"
240;50;40;2;50;"False";"Swinub";220;30;30;50;250;"Ice";"Ground"
241;100;80;2;100;"False";"Piloswine";221;60;60;50;450;"Ice";"Ground"
242;55;85;2;55;"False";"Corsola";222;65;85;35;380;"Water";"Rock"
243;65;35;2;35;"False";"Remoraid";223;65;35;65;300;"Water";""
244;105;75;2;75;"False";"Octillery";224;105;75;45;480;"Water";""
245;55;45;2;45;"False";"Delibird";225;65;45;75;330;"Ice";"Flying"
246;40;70;2;65;"False";"Mantine";226;80;140;70;465;"Water";"Flying"
247;80;140;2;65;"False";"Skarmory";227;40;70;70;465;"Steel";"Flying"
248;60;30;2;45;"False";"Houndour";228;80;50;65;330;"Dark";"Fire"
249;90;50;2;75;"False";"Houndoom";229;110;80;95;500;"Dark";"Fire"
250;90;90;2;75;"False";"HoundoomMega Houndoom";229;140;90;115;600;"Dark";"Fire"
251;95;95;2;75;"False";"Kingdra";230;95;95;85;540;"Water";"Dragon"
252;60;60;2;90;"False";"Phanpy";231;40;40;40;330;"Ground";""
253;120;120;2;90;"False";"Donphan";232;60;60;50;500;"Ground";""
254;80;90;2;85;"False";"Porygon2";233;105;95;60;515;"Normal";""
255;95;62;2;73;"False";"Stantler";234;85;65;85;465;"Normal";""
256;20;35;2;55;"False";"Smeargle";235;20;45;75;250;"Normal";""
257;35;35;2;35;"False";"Tyrogue";236;35;35;35;210;"Fighting";""
258;95;95;2;50;"False";"Hitmontop";237;35;110;70;455;"Fighting";""
259;30;15;2;45;"False";"Smoochum";238;85;65;65;305;"Ice";"Psychic"
260;63;37;2;45;"False";"Elekid";239;65;55;95;360;"Electric";""
261;75;37;2;45;"False";"Magby";240;70;55;83;365;"Fire";""
262;80;105;2;95;"False";"Miltank";241;40;70;100;490;"Normal";""
263;10;10;2;255;"False";"Blissey";242;75;135;55;540;"Normal";""
264;85;75;2;90;"True";"Raikou";243;115;100;115;580;"Electric";""
265;115;85;2;115;"True";"Entei";244;90;75;100;580;"Fire";""
266;75;115;2;100;"True";"Suicune";245;90;115;85;580;"Water";""
267;64;50;2;50;"False";"Larvitar";246;45;50;41;300;"Rock";"Ground"
268;84;70;2;70;"False";"Pupitar";247;65;70;51;410;"Rock";"Ground"
269;134;110;2;100;"False";"Tyranitar";248;95;100;61;600;"Rock";"Dark"
270;164;150;2;100;"False";"TyranitarMega Tyranitar";248;95;120;71;700;"Rock";"Dark"
271;90;130;2;106;"True";"Lugia";249;90;154;110;680;"Psychic";"Flying"
272;130;90;2;106;"True";"Ho-oh";250;110;154;90;680;"Fire";"Flying"
273;100;100;2;100;"False";"Celebi";251;100;100;100;600;"Psychic";"Grass"
274;45;35;3;40;"False";"Treecko";252;65;55;70;310;"Grass";""
275;65;45;3;50;"False";"Grovyle";253;85;65;95;405;"Grass";""
276;85;65;3;70;"False";"Sceptile";254;105;85;120;530;"Grass";""
277;110;75;3;70;"False";"SceptileMega Sceptile";254;145;85;145;630;"Grass";"Dragon"
278;60;40;3;45;"False";"Torchic";255;70;50;45;310;"Fire";""
279;85;60;3;60;"False";"Combusken";256;85;60;55;405;"Fire";"Fighting"
280;120;70;3;80;"False";"Blaziken";257;110;70;80;530;"Fire";"Fighting"
281;160;80;3;80;"False";"BlazikenMega Blaziken";257;130;80;100;630;"Fire";"Fighting"
282;70;50;3;50;"False";"Mudkip";258;50;50;40;310;"Water";""
283;85;70;3;70;"False";"Marshtomp";259;60;70;50;405;"Water";"Ground"
284;110;90;3;100;"False";"Swampert";260;85;90;60;535;"Water";"Ground"
285;150;110;3;100;"False";"SwampertMega Swampert";260;95;110;70;635;"Water";"Ground"
286;55;35;3;35;"False";"Poochyena";261;30;30;35;220;"Dark";""
287;90;70;3;70;"False";"Mightyena";262;60;60;70;420;"Dark";""
288;30;41;3;38;"False";"Zigzagoon";263;30;41;60;240;"Normal";""
289;70;61;3;78;"False";"Linoone";264;50;61;100;420;"Normal";""
290;45;35;3;45;"False";"Wurmple";265;20;30;20;195;"Bug";""
291;35;55;3;50;"False";"Silcoon";266;25;25;15;205;"Bug";""
292;70;50;3;60;"False";"Beautifly";267;100;50;65;395;"Bug";"Flying"
293;35;55;3;50;"False";"Cascoon";268;25;25;15;205;"Bug";""
294;50;70;3;60;"False";"Dustox";269;50;90;65;385;"Bug";"Poison"
295;30;30;3;40;"False";"Lotad";270;40;50;30;220;"Water";"Grass"
296;50;50;3;60;"False";"Lombre";271;60;70;50;340;"Water";"Grass"
297;70;70;3;80;"False";"Ludicolo";272;90;100;70;480;"Water";"Grass"
298;40;50;3;40;"False";"Seedot";273;30;30;30;220;"Grass";""
299;70;40;3;70;"False";"Nuzleaf";274;60;40;60;340;"Grass";"Dark"
300;100;60;3;90;"False";"Shiftry";275;90;60;80;480;"Grass";"Dark"
301;55;30;3;40;"False";"Taillow";276;30;30;85;270;"Normal";"Flying"
302;85;60;3;60;"False";"Swellow";277;50;50;125;430;"Normal";"Flying"
303;30;30;3;40;"False";"Wingull";278;55;30;85;270;"Water";"Flying"
304;50;100;3;60;"False";"Pelipper";279;85;70;65;430;"Water";"Flying"
305;25;25;3;28;"False";"Ralts";280;45;35;40;198;"Psychic";"Fairy"
306;35;35;3;38;"False";"Kirlia";281;65;55;50;278;"Psychic";"Fairy"
307;65;65;3;68;"False";"Gardevoir";282;125;115;80;518;"Psychic";"Fairy"
308;85;65;3;68;"False";"GardevoirMega Gardevoir";282;165;135;100;618;"Psychic";"Fairy"
309;30;32;3;40;"False";"Surskit";283;50;52;65;269;"Bug";"Water"
310;60;62;3;70;"False";"Masquerain";284;80;82;60;414;"Bug";"Flying"
311;40;60;3;60;"False";"Shroomish";285;40;60;35;295;"Grass";""
312;130;80;3;60;"False";"Breloom";286;60;60;70;460;"Grass";"Fighting"
313;60;60;3;60;"False";"Slakoth";287;35;35;30;280;"Normal";""
314;80;80;3;80;"False";"Vigoroth";288;55;55;90;440;"Normal";""
315;160;100;3;150;"False";"Slaking";289;95;65;100;670;"Normal";""
316;45;90;3;31;"False";"Nincada";290;30;30;40;266;"Bug";"Ground"
317;90;45;3;61;"False";"Ninjask";291;50;50;160;456;"Bug";"Flying"
318;90;45;3;1;"False";"Shedinja";292;30;30;40;236;"Bug";"Ghost"
319;51;23;3;64;"False";"Whismur";293;51;23;28;240;"Normal";""
320;71;43;3;84;"False";"Loudred";294;71;43;48;360;"Normal";""
321;91;63;3;104;"False";"Exploud";295;91;73;68;490;"Normal";""
322;60;30;3;72;"False";"Makuhita";296;20;30;25;237;"Fighting";""
323;120;60;3;144;"False";"Hariyama";297;40;60;50;474;"Fighting";""
324;20;40;3;50;"False";"Azurill";298;20;40;20;190;"Normal";"Fairy"
325;45;135;3;30;"False";"Nosepass";299;45;90;30;375;"Rock";""
326;45;45;3;50;"False";"Skitty";300;35;35;50;260;"Normal";""
327;65;65;3;70;"False";"Delcatty";301;55;55;70;380;"Normal";""
328;75;75;3;50;"False";"Sableye";302;65;65;50;380;"Dark";"Ghost"
329;85;125;3;50;"False";"SableyeMega Sableye";302;85;115;20;480;"Dark";"Ghost"
330;85;85;3;50;"False";"Mawile";303;55;55;50;380;"Steel";"Fairy"
331;105;125;3;50;"False";"MawileMega Mawile";303;55;95;50;480;"Steel";"Fairy"
332;70;100;3;50;"False";"Aron";304;40;40;30;330;"Steel";"Rock"
333;90;140;3;60;"False";"Lairon";305;50;50;40;430;"Steel";"Rock"
334;110;180;3;70;"False";"Aggron";306;60;60;50;530;"Steel";"Rock"
335;140;230;3;70;"False";"AggronMega Aggron";306;60;80;50;630;"Steel";""
336;40;55;3;30;"False";"Meditite";307;40;55;60;280;"Fighting";"Psychic"
337;60;75;3;60;"False";"Medicham";308;60;75;80;410;"Fighting";"Psychic"
338;100;85;3;60;"False";"MedichamMega Medicham";308;80;85;100;510;"Fighting";"Psychic"
339;45;40;3;40;"False";"Electrike";309;65;40;65;295;"Electric";""
340;75;60;3;70;"False";"Manectric";310;105;60;105;475;"Electric";""
341;75;80;3;70;"False";"ManectricMega Manectric";310;135;80;135;575;"Electric";""
342;50;40;3;60;"False";"Plusle";311;85;75;95;405;"Electric";""
343;40;50;3;60;"False";"Minun";312;75;85;95;405;"Electric";""
344;73;55;3;65;"False";"Volbeat";313;47;75;85;400;"Bug";""
345;47;55;3;65;"False";"Illumise";314;73;75;85;400;"Bug";""
346;60;45;3;50;"False";"Roselia";315;100;80;65;400;"Grass";"Poison"
347;43;53;3;70;"False";"Gulpin";316;43;53;40;302;"Poison";""
348;73;83;3;100;"False";"Swalot";317;73;83;55;467;"Poison";""
349;90;20;3;45;"False";"Carvanha";318;65;20;65;305;"Water";"Dark"
350;120;40;3;70;"False";"Sharpedo";319;95;40;95;460;"Water";"Dark"
351;140;70;3;70;"False";"SharpedoMega Sharpedo";319;110;65;105;560;"Water";"Dark"
352;70;35;3;130;"False";"Wailmer";320;70;35;60;400;"Water";""
353;90;45;3;170;"False";"Wailord";321;90;45;60;500;"Water";""
354;60;40;3;60;"False";"Numel";322;65;45;35;305;"Fire";"Ground"
355;100;70;3;70;"False";"Camerupt";323;105;75;40;460;"Fire";"Ground"
356;120;100;3;70;"False";"CameruptMega Camerupt";323;145;105;20;560;"Fire";"Ground"
357;85;140;3;70;"False";"Torkoal";324;85;70;20;470;"Fire";""
358;25;35;3;60;"False";"Spoink";325;70;80;60;330;"Psychic";""
359;45;65;3;80;"False";"Grumpig";326;90;110;80;470;"Psychic";""
360;60;60;3;60;"False";"Spinda";327;60;60;60;360;"Normal";""
361;100;45;3;45;"False";"Trapinch";328;45;45;10;290;"Ground";""
362;70;50;3;50;"False";"Vibrava";329;50;50;70;340;"Ground";"Dragon"
363;100;80;3;80;"False";"Flygon";330;80;80;100;520;"Ground";"Dragon"
364;85;40;3;50;"False";"Cacnea";331;85;40;35;335;"Grass";""
365;115;60;3;70;"False";"Cacturne";332;115;60;55;475;"Grass";"Dark"
366;40;60;3;45;"False";"Swablu";333;40;75;50;310;"Normal";"Flying"
367;70;90;3;75;"False";"Altaria";334;70;105;80;490;"Dragon";"Flying"
368;110;110;3;75;"False";"AltariaMega Altaria";334;110;105;80;590;"Dragon";"Fairy"
369;115;60;3;73;"False";"Zangoose";335;60;60;90;458;"Normal";""
370;100;60;3;73;"False";"Seviper";336;100;60;65;458;"Poison";""
371;55;65;3;70;"False";"Lunatone";337;95;85;70;440;"Rock";"Psychic"
372;95;85;3;70;"False";"Solrock";338;55;65;70;440;"Rock";"Psychic"
373;48;43;3;50;"False";"Barboach";339;46;41;60;288;"Water";"Ground"
374;78;73;3;110;"False";"Whiscash";340;76;71;60;468;"Water";"Ground"
375;80;65;3;43;"False";"Corphish";341;50;35;35;308;"Water";""
376;120;85;3;63;"False";"Crawdaunt";342;90;55;55;468;"Water";"Dark"
377;40;55;3;40;"False";"Baltoy";343;40;70;55;300;"Ground";"Psychic"
378;70;105;3;60;"False";"Claydol";344;70;120;75;500;"Ground";"Psychic"
379;41;77;3;66;"False";"Lileep";345;61;87;23;355;"Rock";"Grass"
380;81;97;3;86;"False";"Cradily";346;81;107;43;495;"Rock";"Grass"
381;95;50;3;45;"False";"Anorith";347;40;50;75;355;"Rock";"Bug"
382;125;100;3;75;"False";"Armaldo";348;70;80;45;495;"Rock";"Bug"
383;15;20;3;20;"False";"Feebas";349;10;55;80;200;"Water";""
384;60;79;3;95;"False";"Milotic";350;100;125;81;540;"Water";""
385;70;70;3;70;"False";"Castform";351;70;70;70;420;"Normal";""
386;90;70;3;60;"False";"Kecleon";352;60;120;40;440;"Normal";""
387;75;35;3;44;"False";"Shuppet";353;63;33;45;295;"Ghost";""
388;115;65;3;64;"False";"Banette";354;83;63;65;455;"Ghost";""
389;165;75;3;64;"False";"BanetteMega Banette";354;93;83;75;555;"Ghost";""
390;40;90;3;20;"False";"Duskull";355;30;90;25;295;"Ghost";""
391;70;130;3;40;"False";"Dusclops";356;60;130;25;455;"Ghost";""
392;68;83;3;99;"False";"Tropius";357;72;87;51;460;"Grass";"Flying"
393;50;70;3;65;"False";"Chimecho";358;95;80;65;425;"Psychic";""
394;130;60;3;65;"False";"Absol";359;75;60;75;465;"Dark";""
395;150;60;3;65;"False";"AbsolMega Absol";359;115;60;115;565;"Dark";""
396;23;48;3;95;"False";"Wynaut";360;23;48;23;260;"Psychic";""
397;50;50;3;50;"False";"Snorunt";361;50;50;50;300;"Ice";""
398;80;80;3;80;"False";"Glalie";362;80;80;80;480;"Ice";""
399;120;80;3;80;"False";"GlalieMega Glalie";362;120;80;100;580;"Ice";""
400;40;50;3;70;"False";"Spheal";363;55;50;25;290;"Ice";"Water"
401;60;70;3;90;"False";"Sealeo";364;75;70;45;410;"Ice";"Water"
402;80;90;3;110;"False";"Walrein";365;95;90;65;530;"Ice";"Water"
403;64;85;3;35;"False";"Clamperl";366;74;55;32;345;"Water";""
404;104;105;3;55;"False";"Huntail";367;94;75;52;485;"Water";""
405;84;105;3;55;"False";"Gorebyss";368;114;75;52;485;"Water";""
406;90;130;3;100;"False";"Relicanth";369;45;65;55;485;"Water";"Rock"
407;30;55;3;43;"False";"Luvdisc";370;40;65;97;330;"Water";""
408;75;60;3;45;"False";"Bagon";371;40;30;50;300;"Dragon";""
409;95;100;3;65;"False";"Shelgon";372;60;50;50;420;"Dragon";""
410;135;80;3;95;"False";"Salamence";373;110;80;100;600;"Dragon";"Flying"
411;145;130;3;95;"False";"SalamenceMega Salamence";373;120;90;120;700;"Dragon";"Flying"
412;55;80;3;40;"False";"Beldum";374;35;60;30;300;"Steel";"Psychic"
413;75;100;3;60;"False";"Metang";375;55;80;50;420;"Steel";"Psychic"
414;135;130;3;80;"False";"Metagross";376;95;90;70;600;"Steel";"Psychic"
415;145;150;3;80;"False";"MetagrossMega Metagross";376;105;110;110;700;"Steel";"Psychic"
416;100;200;3;80;"True";"Regirock";377;50;100;50;580;"Rock";""
417;50;100;3;80;"True";"Regice";378;100;200;50;580;"Ice";""
418;75;150;3;80;"True";"Registeel";379;75;150;50;580;"Steel";""
419;80;90;3;80;"True";"Latias";380;110;130;110;600;"Dragon";"Psychic"
420;100;120;3;80;"True";"LatiasMega Latias";380;140;150;110;700;"Dragon";"Psychic"
421;90;80;3;80;"True";"Latios";381;130;110;110;600;"Dragon";"Psychic"
422;130;100;3;80;"True";"LatiosMega Latios";381;160;120;110;700;"Dragon";"Psychic"
423;100;90;3;100;"True";"Kyogre";382;150;140;90;670;"Water";""
424;150;90;3;100;"True";"KyogrePrimal Kyogre";382;180;160;90;770;"Water";""
425;150;140;3;100;"True";"Groudon";383;100;90;90;670;"Ground";""
426;180;160;3;100;"True";"GroudonPrimal Groudon";383;150;90;90;770;"Ground";"Fire"
427;150;90;3;105;"True";"Rayquaza";384;150;90;95;680;"Dragon";"Flying"
428;180;100;3;105;"True";"RayquazaMega Rayquaza";384;180;100;115;780;"Dragon";"Flying"
429;100;100;3;100;"True";"Jirachi";385;100;100;100;600;"Steel";"Psychic"
430;150;50;3;50;"True";"DeoxysNormal Forme";386;150;50;150;600;"Psychic";""
431;180;20;3;50;"True";"DeoxysAttack Forme";386;180;20;150;600;"Psychic";""
432;70;160;3;50;"True";"DeoxysDefense Forme";386;70;160;90;600;"Psychic";""
433;95;90;3;50;"True";"DeoxysSpeed Forme";386;95;90;180;600;"Psychic";""
434;68;64;4;55;"False";"Turtwig";387;45;55;31;318;"Grass";""
435;89;85;4;75;"False";"Grotle";388;55;65;36;405;"Grass";""
436;109;105;4;95;"False";"Torterra";389;75;85;56;525;"Grass";"Ground"
437;58;44;4;44;"False";"Chimchar";390;58;44;61;309;"Fire";""
438;78;52;4;64;"False";"Monferno";391;78;52;81;405;"Fire";"Fighting"
439;104;71;4;76;"False";"Infernape";392;104;71;108;534;"Fire";"Fighting"
440;51;53;4;53;"False";"Piplup";393;61;56;40;314;"Water";""
441;66;68;4;64;"False";"Prinplup";394;81;76;50;405;"Water";""
442;86;88;4;84;"False";"Empoleon";395;111;101;60;530;"Water";"Steel"
443;55;30;4;40;"False";"Starly";396;30;30;60;245;"Normal";"Flying"
444;75;50;4;55;"False";"Staravia";397;40;40;80;340;"Normal";"Flying"
445;120;70;4;85;"False";"Staraptor";398;50;60;100;485;"Normal";"Flying"
446;45;40;4;59;"False";"Bidoof";399;35;40;31;250;"Normal";""
447;85;60;4;79;"False";"Bibarel";400;55;60;71;410;"Normal";"Water"
448;25;41;4;37;"False";"Kricketot";401;25;41;25;194;"Bug";""
449;85;51;4;77;"False";"Kricketune";402;55;51;65;384;"Bug";""
450;65;34;4;45;"False";"Shinx";403;40;34;45;263;"Electric";""
451;85;49;4;60;"False";"Luxio";404;60;49;60;363;"Electric";""
452;120;79;4;80;"False";"Luxray";405;95;79;70;523;"Electric";""
453;30;35;4;40;"False";"Budew";406;50;70;55;280;"Grass";"Poison"
454;70;65;4;60;"False";"Roserade";407;125;105;90;515;"Grass";"Poison"
455;125;40;4;67;"False";"Cranidos";408;30;30;58;350;"Rock";""
456;165;60;4;97;"False";"Rampardos";409;65;50;58;495;"Rock";""
457;42;118;4;30;"False";"Shieldon";410;42;88;30;350;"Rock";"Steel"
458;52;168;4;60;"False";"Bastiodon";411;47;138;30;495;"Rock";"Steel"
459;29;45;4;40;"False";"Burmy";412;29;45;36;224;"Bug";""
460;59;85;4;60;"False";"WormadamPlant Cloak";413;79;105;36;424;"Bug";"Grass"
461;79;105;4;60;"False";"WormadamSandy Cloak";413;59;85;36;424;"Bug";"Ground"
462;69;95;4;60;"False";"WormadamTrash Cloak";413;69;95;36;424;"Bug";"Steel"
463;94;50;4;70;"False";"Mothim";414;94;50;66;424;"Bug";"Flying"
464;30;42;4;30;"False";"Combee";415;30;42;70;244;"Bug";"Flying"
465;80;102;4;70;"False";"Vespiquen";416;80;102;40;474;"Bug";"Flying"
466;45;70;4;60;"False";"Pachirisu";417;45;90;95;405;"Electric";""
467;65;35;4;55;"False";"Buizel";418;60;30;85;330;"Water";""
468;105;55;4;85;"False";"Floatzel";419;85;50;115;495;"Water";""
469;35;45;4;45;"False";"Cherubi";420;62;53;35;275;"Grass";""
470;60;70;4;70;"False";"Cherrim";421;87;78;85;450;"Grass";""
471;48;48;4;76;"False";"Shellos";422;57;62;34;325;"Water";""
472;83;68;4;111;"False";"Gastrodon";423;92;82;39;475;"Water";"Ground"
473;100;66;4;75;"False";"Ambipom";424;60;66;115;482;"Normal";""
474;50;34;4;90;"False";"Drifloon";425;60;44;70;348;"Ghost";"Flying"
475;80;44;4;150;"False";"Drifblim";426;90;54;80;498;"Ghost";"Flying"
476;66;44;4;55;"False";"Buneary";427;44;56;85;350;"Normal";""
477;76;84;4;65;"False";"Lopunny";428;54;96;105;480;"Normal";""
478;136;94;4;65;"False";"LopunnyMega Lopunny";428;54;96;135;580;"Normal";"Fighting"
479;60;60;4;60;"False";"Mismagius";429;105;105;105;495;"Ghost";""
480;125;52;4;100;"False";"Honchkrow";430;105;52;71;505;"Dark";"Flying"
481;55;42;4;49;"False";"Glameow";431;42;37;85;310;"Normal";""
482;82;64;4;71;"False";"Purugly";432;64;59;112;452;"Normal";""
483;30;50;4;45;"False";"Chingling";433;65;50;45;285;"Psychic";""
484;63;47;4;63;"False";"Stunky";434;41;41;74;329;"Poison";"Dark"
485;93;67;4;103;"False";"Skuntank";435;71;61;84;479;"Poison";"Dark"
486;24;86;4;57;"False";"Bronzor";436;24;86;23;300;"Steel";"Psychic"
487;89;116;4;67;"False";"Bronzong";437;79;116;33;500;"Steel";"Psychic"
488;80;95;4;50;"False";"Bonsly";438;10;45;10;290;"Rock";""
489;25;45;4;20;"False";"Mime Jr.";439;70;90;60;310;"Psychic";"Fairy"
490;5;5;4;100;"False";"Happiny";440;15;65;30;220;"Normal";""
491;65;45;4;76;"False";"Chatot";441;92;42;91;411;"Normal";"Flying"
492;92;108;4;50;"False";"Spiritomb";442;92;108;35;485;"Ghost";"Dark"
493;70;45;4;58;"False";"Gible";443;40;45;42;300;"Dragon";"Ground"
494;90;65;4;68;"False";"Gabite";444;50;55;82;410;"Dragon";"Ground"
495;130;95;4;108;"False";"Garchomp";445;80;85;102;600;"Dragon";"Ground"
496;170;115;4;108;"False";"GarchompMega Garchomp";445;120;95;92;700;"Dragon";"Ground"
497;85;40;4;135;"False";"Munchlax";446;40;85;5;390;"Normal";""
498;70;40;4;40;"False";"Riolu";447;35;40;60;285;"Fighting";""
499;110;70;4;70;"False";"Lucario";448;115;70;90;525;"Fighting";"Steel"
500;145;88;4;70;"False";"LucarioMega Lucario";448;140;70;112;625;"Fighting";"Steel"
501;72;78;4;68;"False";"Hippopotas";449;38;42;32;330;"Ground";""
502;112;118;4;108;"False";"Hippowdon";450;68;72;47;525;"Ground";""
503;50;90;4;40;"False";"Skorupi";451;30;55;65;330;"Poison";"Bug"
504;90;110;4;70;"False";"Drapion";452;60;75;95;500;"Poison";"Dark"
505;61;40;4;48;"False";"Croagunk";453;61;40;50;300;"Poison";"Fighting"
506;106;65;4;83;"False";"Toxicroak";454;86;65;85;490;"Poison";"Fighting"
507;100;72;4;74;"False";"Carnivine";455;90;72;46;454;"Grass";""
508;49;56;4;49;"False";"Finneon";456;49;61;66;330;"Water";""
509;69;76;4;69;"False";"Lumineon";457;69;86;91;460;"Water";""
510;20;50;4;45;"False";"Mantyke";458;60;120;50;345;"Water";"Flying"
511;62;50;4;60;"False";"Snover";459;62;60;40;334;"Grass";"Ice"
512;92;75;4;90;"False";"Abomasnow";460;92;85;60;494;"Grass";"Ice"
513;132;105;4;90;"False";"AbomasnowMega Abomasnow";460;132;105;30;594;"Grass";"Ice"
514;120;65;4;70;"False";"Weavile";461;45;85;125;510;"Dark";"Ice"
515;70;115;4;70;"False";"Magnezone";462;130;90;60;535;"Electric";"Steel"
516;85;95;4;110;"False";"Lickilicky";463;80;95;50;515;"Normal";""
517;140;130;4;115;"False";"Rhyperior";464;55;55;40;535;"Ground";"Rock"
518;100;125;4;100;"False";"Tangrowth";465;110;50;50;535;"Grass";""
519;123;67;4;75;"False";"Electivire";466;95;85;95;540;"Electric";""
520;95;67;4;75;"False";"Magmortar";467;125;95;83;540;"Fire";""
521;50;95;4;85;"False";"Togekiss";468;120;115;80;545;"Fairy";"Flying"
522;76;86;4;86;"False";"Yanmega";469;116;56;95;515;"Bug";"Flying"
523;110;130;4;65;"False";"Leafeon";470;60;65;95;525;"Grass";""
524;60;110;4;65;"False";"Glaceon";471;130;95;65;525;"Ice";""
525;95;125;4;75;"False";"Gliscor";472;45;75;95;510;"Ground";"Flying"
526;130;80;4;110;"False";"Mamoswine";473;70;60;80;530;"Ice";"Ground"
527;80;70;4;85;"False";"Porygon-Z";474;135;75;90;535;"Normal";""
528;125;65;4;68;"False";"Gallade";475;65;115;80;518;"Psychic";"Fighting"
529;165;95;4;68;"False";"GalladeMega Gallade";475;65;115;110;618;"Psychic";"Fighting"
530;55;145;4;60;"False";"Probopass";476;75;150;40;525;"Rock";"Steel"
531;100;135;4;45;"False";"Dusknoir";477;65;135;45;525;"Ghost";""
532;80;70;4;70;"False";"Froslass";478;80;70;110;480;"Ice";"Ghost"
533;50;77;4;50;"False";"Rotom";479;95;77;91;440;"Electric";"Ghost"
534;65;107;4;50;"False";"RotomHeat Rotom";479;105;107;86;520;"Electric";"Fire"
535;65;107;4;50;"False";"RotomWash Rotom";479;105;107;86;520;"Electric";"Water"
536;65;107;4;50;"False";"RotomFrost Rotom";479;105;107;86;520;"Electric";"Ice"
537;65;107;4;50;"False";"RotomFan Rotom";479;105;107;86;520;"Electric";"Flying"
538;65;107;4;50;"False";"RotomMow Rotom";479;105;107;86;520;"Electric";"Grass"
539;75;130;4;75;"True";"Uxie";480;75;130;95;580;"Psychic";""
540;105;105;4;80;"True";"Mesprit";481;105;105;80;580;"Psychic";""
541;125;70;4;75;"True";"Azelf";482;125;70;115;580;"Psychic";""
542;120;120;4;100;"True";"Dialga";483;150;100;90;680;"Steel";"Dragon"
543;120;100;4;90;"True";"Palkia";484;150;120;100;680;"Water";"Dragon"
544;90;106;4;91;"True";"Heatran";485;130;106;77;600;"Fire";"Steel"
545;160;110;4;110;"True";"Regigigas";486;80;110;100;670;"Normal";""
546;100;120;4;150;"True";"GiratinaAltered Forme";487;100;120;90;680;"Ghost";"Dragon"
547;120;100;4;150;"True";"GiratinaOrigin Forme";487;120;100;90;680;"Ghost";"Dragon"
548;70;120;4;120;"False";"Cresselia";488;75;130;85;600;"Psychic";""
549;80;80;4;80;"False";"Phione";489;80;80;80;480;"Water";""
550;100;100;4;100;"False";"Manaphy";490;100;100;100;600;"Water";""
551;90;90;4;70;"True";"Darkrai";491;135;90;125;600;"Dark";""
552;100;100;4;100;"True";"ShayminLand Forme";492;100;100;100;600;"Grass";""
553;103;75;4;100;"True";"ShayminSky Forme";492;120;75;127;600;"Grass";"Flying"
554;120;120;4;120;"True";"Arceus";493;120;120;120;720;"Normal";""
555;100;100;5;100;"True";"Victini";494;100;100;100;600;"Psychic";"Fire"
556;45;55;5;45;"False";"Snivy";495;45;55;63;308;"Grass";""
557;60;75;5;60;"False";"Servine";496;60;75;83;413;"Grass";""
558;75;95;5;75;"False";"Serperior";497;75;95;113;528;"Grass";""
559;63;45;5;65;"False";"Tepig";498;45;45;45;308;"Fire";""
560;93;55;5;90;"False";"Pignite";499;70;55;55;418;"Fire";"Fighting"
561;123;65;5;110;"False";"Emboar";500;100;65;65;528;"Fire";"Fighting"
562;55;45;5;55;"False";"Oshawott";501;63;45;45;308;"Water";""
563;75;60;5;75;"False";"Dewott";502;83;60;60;413;"Water";""
564;100;85;5;95;"False";"Samurott";503;108;70;70;528;"Water";""
565;55;39;5;45;"False";"Patrat";504;35;39;42;255;"Normal";""
566;85;69;5;60;"False";"Watchog";505;60;69;77;420;"Normal";""
567;60;45;5;45;"False";"Lillipup";506;25;45;55;275;"Normal";""
568;80;65;5;65;"False";"Herdier";507;35;65;60;370;"Normal";""
569;110;90;5;85;"False";"Stoutland";508;45;90;80;500;"Normal";""
570;50;37;5;41;"False";"Purrloin";509;50;37;66;281;"Dark";""
571;88;50;5;64;"False";"Liepard";510;88;50;106;446;"Dark";""
572;53;48;5;50;"False";"Pansage";511;53;48;64;316;"Grass";""
573;98;63;5;75;"False";"Simisage";512;98;63;101;498;"Grass";""
574;53;48;5;50;"False";"Pansear";513;53;48;64;316;"Fire";""
575;98;63;5;75;"False";"Simisear";514;98;63;101;498;"Fire";""
576;53;48;5;50;"False";"Panpour";515;53;48;64;316;"Water";""
577;98;63;5;75;"False";"Simipour";516;98;63;101;498;"Water";""
578;25;45;5;76;"False";"Munna";517;67;55;24;292;"Psychic";""
579;55;85;5;116;"False";"Musharna";518;107;95;29;487;"Psychic";""
580;55;50;5;50;"False";"Pidove";519;36;30;43;264;"Normal";"Flying"
581;77;62;5;62;"False";"Tranquill";520;50;42;65;358;"Normal";"Flying"
582;115;80;5;80;"False";"Unfezant";521;65;55;93;488;"Normal";"Flying"
583;60;32;5;45;"False";"Blitzle";522;50;32;76;295;"Electric";""
584;100;63;5;75;"False";"Zebstrika";523;80;63;116;497;"Electric";""
585;75;85;5;55;"False";"Roggenrola";524;25;25;15;280;"Rock";""
586;105;105;5;70;"False";"Boldore";525;50;40;20;390;"Rock";""
587;135;130;5;85;"False";"Gigalith";526;60;80;25;515;"Rock";""
588;45;43;5;55;"False";"Woobat";527;55;43;72;313;"Psychic";"Flying"
589;57;55;5;67;"False";"Swoobat";528;77;55;114;425;"Psychic";"Flying"
590;85;40;5;60;"False";"Drilbur";529;30;45;68;328;"Ground";""
591;135;60;5;110;"False";"Excadrill";530;50;65;88;508;"Ground";"Steel"
592;60;86;5;103;"False";"Audino";531;60;86;50;445;"Normal";""
593;60;126;5;103;"False";"AudinoMega Audino";531;80;126;50;545;"Normal";"Fairy"
594;80;55;5;75;"False";"Timburr";532;25;35;35;305;"Fighting";""
595;105;85;5;85;"False";"Gurdurr";533;40;50;40;405;"Fighting";""
596;140;95;5;105;"False";"Conkeldurr";534;55;65;45;505;"Fighting";""
597;50;40;5;50;"False";"Tympole";535;50;40;64;294;"Water";""
598;65;55;5;75;"False";"Palpitoad";536;65;55;69;384;"Water";"Ground"
599;95;75;5;105;"False";"Seismitoad";537;85;75;74;509;"Water";"Ground"
600;100;85;5;120;"False";"Throh";538;30;85;45;465;"Fighting";""
601;125;75;5;75;"False";"Sawk";539;30;75;85;465;"Fighting";""
602;53;70;5;45;"False";"Sewaddle";540;40;60;42;310;"Bug";"Grass"
603;63;90;5;55;"False";"Swadloon";541;50;80;42;380;"Bug";"Grass"
604;103;80;5;75;"False";"Leavanny";542;70;80;92;500;"Bug";"Grass"
605;45;59;5;30;"False";"Venipede";543;30;39;57;260;"Bug";"Poison"
606;55;99;5;40;"False";"Whirlipede";544;40;79;47;360;"Bug";"Poison"
607;100;89;5;60;"False";"Scolipede";545;55;69;112;485;"Bug";"Poison"
608;27;60;5;40;"False";"Cottonee";546;37;50;66;280;"Grass";"Fairy"
609;67;85;5;60;"False";"Whimsicott";547;77;75;116;480;"Grass";"Fairy"
610;35;50;5;45;"False";"Petilil";548;70;50;30;280;"Grass";""
611;60;75;5;70;"False";"Lilligant";549;110;75;90;480;"Grass";""
612;92;65;5;70;"False";"Basculin";550;80;55;98;460;"Water";""
613;72;35;5;50;"False";"Sandile";551;35;35;65;292;"Ground";"Dark"
614;82;45;5;60;"False";"Krokorok";552;45;45;74;351;"Ground";"Dark"
615;117;80;5;95;"False";"Krookodile";553;65;70;92;519;"Ground";"Dark"
616;90;45;5;70;"False";"Darumaka";554;15;45;50;315;"Fire";""
617;140;55;5;105;"False";"DarmanitanStandard Mode";555;30;55;95;480;"Fire";""
618;30;105;5;105;"False";"DarmanitanZen Mode";555;140;105;55;540;"Fire";"Psychic"
619;86;67;5;75;"False";"Maractus";556;106;67;60;461;"Grass";""
620;65;85;5;50;"False";"Dwebble";557;35;35;55;325;"Bug";"Rock"
621;95;125;5;70;"False";"Crustle";558;65;75;45;475;"Bug";"Rock"
622;75;70;5;50;"False";"Scraggy";559;35;70;48;348;"Dark";"Fighting"
623;90;115;5;65;"False";"Scrafty";560;45;115;58;488;"Dark";"Fighting"
624;58;80;5;72;"False";"Sigilyph";561;103;80;97;490;"Psychic";"Flying"
625;30;85;5;38;"False";"Yamask";562;55;65;30;303;"Ghost";""
626;50;145;5;58;"False";"Cofagrigus";563;95;105;30;483;"Ghost";""
627;78;103;5;54;"False";"Tirtouga";564;53;45;22;355;"Water";"Rock"
628;108;133;5;74;"False";"Carracosta";565;83;65;32;495;"Water";"Rock"
629;112;45;5;55;"False";"Archen";566;74;45;70;401;"Rock";"Flying"
630;140;65;5;75;"False";"Archeops";567;112;65;110;567;"Rock";"Flying"
631;50;62;5;50;"False";"Trubbish";568;40;62;65;329;"Poison";""
632;95;82;5;80;"False";"Garbodor";569;60;82;75;474;"Poison";""
633;65;40;5;40;"False";"Zorua";570;80;40;65;330;"Dark";""
634;105;60;5;60;"False";"Zoroark";571;120;60;105;510;"Dark";""
635;50;40;5;55;"False";"Minccino";572;40;40;75;300;"Normal";""
636;95;60;5;75;"False";"Cinccino";573;65;60;115;470;"Normal";""
637;30;50;5;45;"False";"Gothita";574;55;65;45;290;"Psychic";""
638;45;70;5;60;"False";"Gothorita";575;75;85;55;390;"Psychic";""
639;55;95;5;70;"False";"Gothitelle";576;95;110;65;490;"Psychic";""
640;30;40;5;45;"False";"Solosis";577;105;50;20;290;"Psychic";""
641;40;50;5;65;"False";"Duosion";578;125;60;30;370;"Psychic";""
642;65;75;5;110;"False";"Reuniclus";579;125;85;30;490;"Psychic";""
643;44;50;5;62;"False";"Ducklett";580;44;50;55;305;"Water";"Flying"
644;87;63;5;75;"False";"Swanna";581;87;63;98;473;"Water";"Flying"
645;50;50;5;36;"False";"Vanillite";582;65;60;44;305;"Ice";""
646;65;65;5;51;"False";"Vanillish";583;80;75;59;395;"Ice";""
647;95;85;5;71;"False";"Vanilluxe";584;110;95;79;535;"Ice";""
648;60;50;5;60;"False";"Deerling";585;40;50;75;335;"Normal";"Grass"
649;100;70;5;80;"False";"Sawsbuck";586;60;70;95;475;"Normal";"Grass"
650;75;60;5;55;"False";"Emolga";587;75;60;103;428;"Electric";"Flying"
651;75;45;5;50;"False";"Karrablast";588;40;45;60;315;"Bug";""
652;135;105;5;70;"False";"Escavalier";589;60;105;20;495;"Bug";"Steel"
653;55;45;5;69;"False";"Foongus";590;55;55;15;294;"Grass";"Poison"
654;85;70;5;114;"False";"Amoonguss";591;85;80;30;464;"Grass";"Poison"
655;40;50;5;55;"False";"Frillish";592;65;85;40;335;"Water";"Ghost"
656;60;70;5;100;"False";"Jellicent";593;85;105;60;480;"Water";"Ghost"
657;75;80;5;165;"False";"Alomomola";594;40;45;65;470;"Water";""
658;47;50;5;50;"False";"Joltik";595;57;50;65;319;"Bug";"Electric"
659;77;60;5;70;"False";"Galvantula";596;97;60;108;472;"Bug";"Electric"
660;50;91;5;44;"False";"Ferroseed";597;24;86;10;305;"Grass";"Steel"
661;94;131;5;74;"False";"Ferrothorn";598;54;116;20;489;"Grass";"Steel"
662;55;70;5;40;"False";"Klink";599;45;60;30;300;"Steel";""
663;80;95;5;60;"False";"Klang";600;70;85;50;440;"Steel";""
664;100;115;5;60;"False";"Klinklang";601;70;85;90;520;"Steel";""
665;55;40;5;35;"False";"Tynamo";602;45;40;60;275;"Electric";""
666;85;70;5;65;"False";"Eelektrik";603;75;70;40;405;"Electric";""
667;115;80;5;85;"False";"Eelektross";604;105;80;50;515;"Electric";""
668;55;55;5;55;"False";"Elgyem";605;85;55;30;335;"Psychic";""
669;75;75;5;75;"False";"Beheeyem";606;125;95;40;485;"Psychic";""
670;30;55;5;50;"False";"Litwick";607;65;55;20;275;"Ghost";"Fire"
671;40;60;5;60;"False";"Lampent";608;95;60;55;370;"Ghost";"Fire"
672;55;90;5;60;"False";"Chandelure";609;145;90;80;520;"Ghost";"Fire"
673;87;60;5;46;"False";"Axew";610;30;40;57;320;"Dragon";""
674;117;70;5;66;"False";"Fraxure";611;40;50;67;410;"Dragon";""
675;147;90;5;76;"False";"Haxorus";612;60;70;97;540;"Dragon";""
676;70;40;5;55;"False";"Cubchoo";613;60;40;40;305;"Ice";""
677;110;80;5;95;"False";"Beartic";614;70;80;50;485;"Ice";""
678;50;30;5;70;"False";"Cryogonal";615;95;135;105;485;"Ice";""
679;40;85;5;50;"False";"Shelmet";616;40;65;25;305;"Bug";""
680;70;40;5;80;"False";"Accelgor";617;100;60;145;495;"Bug";""
681;66;84;5;109;"False";"Stunfisk";618;81;99;32;471;"Ground";"Electric"
682;85;50;5;45;"False";"Mienfoo";619;55;50;65;350;"Fighting";""
683;125;60;5;65;"False";"Mienshao";620;95;60;105;510;"Fighting";""
684;120;90;5;77;"False";"Druddigon";621;60;90;48;485;"Dragon";""
685;74;50;5;59;"False";"Golett";622;35;50;35;303;"Ground";"Ghost"
686;124;80;5;89;"False";"Golurk";623;55;80;55;483;"Ground";"Ghost"
687;85;70;5;45;"False";"Pawniard";624;40;40;60;340;"Dark";"Steel"
688;125;100;5;65;"False";"Bisharp";625;60;70;70;490;"Dark";"Steel"
689;110;95;5;95;"False";"Bouffalant";626;40;95;55;490;"Normal";""
690;83;50;5;70;"False";"Rufflet";627;37;50;60;350;"Normal";"Flying"
691;123;75;5;100;"False";"Braviary";628;57;75;80;510;"Normal";"Flying"
692;55;75;5;70;"False";"Vullaby";629;45;65;60;370;"Dark";"Flying"
693;65;105;5;110;"False";"Mandibuzz";630;55;95;80;510;"Dark";"Flying"
694;97;66;5;85;"False";"Heatmor";631;105;66;65;484;"Fire";""
695;109;112;5;58;"False";"Durant";632;48;48;109;484;"Bug";"Steel"
696;65;50;5;52;"False";"Deino";633;45;50;38;300;"Dark";"Dragon"
697;85;70;5;72;"False";"Zweilous";634;65;70;58;420;"Dark";"Dragon"
698;105;90;5;92;"False";"Hydreigon";635;125;90;98;600;"Dark";"Dragon"
699;85;55;5;55;"False";"Larvesta";636;50;55;60;360;"Bug";"Fire"
700;60;65;5;85;"False";"Volcarona";637;135;105;100;550;"Bug";"Fire"
701;90;129;5;91;"True";"Cobalion";638;90;72;108;580;"Steel";"Fighting"
702;129;90;5;91;"True";"Terrakion";639;72;90;108;580;"Rock";"Fighting"
703;90;72;5;91;"True";"Virizion";640;90;129;108;580;"Grass";"Fighting"
704;115;70;5;79;"True";"TornadusIncarnate Forme";641;125;80;111;580;"Flying";""
705;100;80;5;79;"True";"TornadusTherian Forme";641;110;90;121;580;"Flying";""
706;115;70;5;79;"True";"ThundurusIncarnate Forme";642;125;80;111;580;"Electric";"Flying"
707;105;70;5;79;"True";"ThundurusTherian Forme";642;145;80;101;580;"Electric";"Flying"
708;120;100;5;100;"True";"Reshiram";643;150;120;90;680;"Dragon";"Fire"
709;150;120;5;100;"True";"Zekrom";644;120;100;90;680;"Dragon";"Electric"
710;125;90;5;89;"True";"LandorusIncarnate Forme";645;115;80;101;600;"Ground";"Flying"
711;145;90;5;89;"True";"LandorusTherian Forme";645;105;80;91;600;"Ground";"Flying"
712;130;90;5;125;"True";"Kyurem";646;130;90;95;660;"Dragon";"Ice"
713;170;100;5;125;"True";"KyuremBlack Kyurem";646;120;90;95;700;"Dragon";"Ice"
714;120;90;5;125;"True";"KyuremWhite Kyurem";646;170;100;95;700;"Dragon";"Ice"
715;72;90;5;91;"False";"KeldeoOrdinary Forme";647;129;90;108;580;"Water";"Fighting"
716;72;90;5;91;"False";"KeldeoResolute Forme";647;129;90;108;580;"Water";"Fighting"
717;77;77;5;100;"False";"MeloettaAria Forme";648;128;128;90;600;"Normal";"Psychic"
718;128;90;5;100;"False";"MeloettaPirouette Forme";648;77;77;128;600;"Normal";"Fighting"
719;120;95;5;71;"False";"Genesect";649;120;95;99;600;"Bug";"Steel"
720;61;65;6;56;"False";"Chespin";650;48;45;38;313;"Grass";""
721;78;95;6;61;"False";"Quilladin";651;56;58;57;405;"Grass";""
722;107;122;6;88;"False";"Chesnaught";652;74;75;64;530;"Grass";"Fighting"
723;45;40;6;40;"False";"Fennekin";653;62;60;60;307;"Fire";""
724;59;58;6;59;"False";"Braixen";654;90;70;73;409;"Fire";""
725;69;72;6;75;"False";"Delphox";655;114;100;104;534;"Fire";"Psychic"
726;56;40;6;41;"False";"Froakie";656;62;44;71;314;"Water";""
727;63;52;6;54;"False";"Frogadier";657;83;56;97;405;"Water";""
728;95;67;6;72;"False";"Greninja";658;103;71;122;530;"Water";"Dark"
729;36;38;6;38;"False";"Bunnelby";659;32;36;57;237;"Normal";""
730;56;77;6;85;"False";"Diggersby";660;50;77;78;423;"Normal";"Ground"
731;50;43;6;45;"False";"Fletchling";661;40;38;62;278;"Normal";"Flying"
732;73;55;6;62;"False";"Fletchinder";662;56;52;84;382;"Fire";"Flying"
733;81;71;6;78;"False";"Talonflame";663;74;69;126;499;"Fire";"Flying"
734;35;40;6;38;"False";"Scatterbug";664;27;25;35;200;"Bug";""
735;22;60;6;45;"False";"Spewpa";665;27;30;29;213;"Bug";""
736;52;50;6;80;"False";"Vivillon";666;90;50;89;411;"Bug";"Flying"
737;50;58;6;62;"False";"Litleo";667;73;54;72;369;"Fire";"Normal"
738;68;72;6;86;"False";"Pyroar";668;109;66;106;507;"Fire";"Normal"
739;38;39;6;44;"False";"Flabébé";669;61;79;42;303;"Fairy";""
740;45;47;6;54;"False";"Floette";670;75;98;52;371;"Fairy";""
741;65;68;6;78;"False";"Florges";671;112;154;75;552;"Fairy";""
742;65;48;6;66;"False";"Skiddo";672;62;57;52;350;"Grass";""
743;100;62;6;123;"False";"Gogoat";673;97;81;68;531;"Grass";""
744;82;62;6;67;"False";"Pancham";674;46;48;43;348;"Fighting";""
745;124;78;6;95;"False";"Pangoro";675;69;71;58;495;"Fighting";"Dark"
746;80;60;6;75;"False";"Furfrou";676;65;90;102;472;"Normal";""
747;48;54;6;62;"False";"Espurr";677;63;60;68;355;"Psychic";""
748;48;76;6;74;"False";"MeowsticMale";678;83;81;104;466;"Psychic";""
749;48;76;6;74;"False";"MeowsticFemale";678;83;81;104;466;"Psychic";""
750;80;100;6;45;"False";"Honedge";679;35;37;28;325;"Steel";"Ghost"
751;110;150;6;59;"False";"Doublade";680;45;49;35;448;"Steel";"Ghost"
752;150;50;6;60;"False";"AegislashBlade Forme";681;150;50;60;520;"Steel";"Ghost"
753;50;150;6;60;"False";"AegislashShield Forme";681;50;150;60;520;"Steel";"Ghost"
754;52;60;6;78;"False";"Spritzee";682;63;65;23;341;"Fairy";""
755;72;72;6;101;"False";"Aromatisse";683;99;89;29;462;"Fairy";""
756;48;66;6;62;"False";"Swirlix";684;59;57;49;341;"Fairy";""
757;80;86;6;82;"False";"Slurpuff";685;85;75;72;480;"Fairy";""
758;54;53;6;53;"False";"Inkay";686;37;46;45;288;"Dark";"Psychic"
759;92;88;6;86;"False";"Malamar";687;68;75;73;482;"Dark";"Psychic"
760;52;67;6;42;"False";"Binacle";688;39;56;50;306;"Rock";"Water"
761;105;115;6;72;"False";"Barbaracle";689;54;86;68;500;"Rock";"Water"
762;60;60;6;50;"False";"Skrelp";690;60;60;30;320;"Poison";"Water"
763;75;90;6;65;"False";"Dragalge";691;97;123;44;494;"Poison";"Dragon"
764;53;62;6;50;"False";"Clauncher";692;58;63;44;330;"Water";""
765;73;88;6;71;"False";"Clawitzer";693;120;89;59;500;"Water";""
766;38;33;6;44;"False";"Helioptile";694;61;43;70;289;"Electric";"Normal"
767;55;52;6;62;"False";"Heliolisk";695;109;94;109;481;"Electric";"Normal"
768;89;77;6;58;"False";"Tyrunt";696;45;45;48;362;"Rock";"Dragon"
769;121;119;6;82;"False";"Tyrantrum";697;69;59;71;521;"Rock";"Dragon"
770;59;50;6;77;"False";"Amaura";698;67;63;46;362;"Rock";"Ice"
771;77;72;6;123;"False";"Aurorus";699;99;92;58;521;"Rock";"Ice"
772;65;65;6;95;"False";"Sylveon";700;110;130;60;525;"Fairy";""
773;92;75;6;78;"False";"Hawlucha";701;74;63;118;500;"Fighting";"Flying"
774;58;57;6;67;"False";"Dedenne";702;81;67;101;431;"Electric";"Fairy"
775;50;150;6;50;"False";"Carbink";703;50;150;50;500;"Rock";"Fairy"
776;50;35;6;45;"False";"Goomy";704;55;75;40;300;"Dragon";""
777;75;53;6;68;"False";"Sliggoo";705;83;113;60;452;"Dragon";""
778;100;70;6;90;"False";"Goodra";706;110;150;80;600;"Dragon";""
779;80;91;6;57;"False";"Klefki";707;80;87;75;470;"Steel";"Fairy"
780;70;48;6;43;"False";"Phantump";708;50;60;38;309;"Ghost";"Grass"
781;110;76;6;85;"False";"Trevenant";709;65;82;56;474;"Ghost";"Grass"
782;66;70;6;49;"False";"PumpkabooAverage Size";710;44;55;51;335;"Ghost";"Grass"
783;66;70;6;44;"False";"PumpkabooSmall Size";710;44;55;56;335;"Ghost";"Grass"
784;66;70;6;54;"False";"PumpkabooLarge Size";710;44;55;46;335;"Ghost";"Grass"
785;66;70;6;59;"False";"PumpkabooSuper Size";710;44;55;41;335;"Ghost";"Grass"
786;90;122;6;65;"False";"GourgeistAverage Size";711;58;75;84;494;"Ghost";"Grass"
787;85;122;6;55;"False";"GourgeistSmall Size";711;58;75;99;494;"Ghost";"Grass"
788;95;122;6;75;"False";"GourgeistLarge Size";711;58;75;69;494;"Ghost";"Grass"
789;100;122;6;85;"False";"GourgeistSuper Size";711;58;75;54;494;"Ghost";"Grass"
790;69;85;6;55;"False";"Bergmite";712;32;35;28;304;"Ice";""
791;117;184;6;95;"False";"Avalugg";713;44;46;28;514;"Ice";""
792;30;35;6;40;"False";"Noibat";714;45;40;55;245;"Flying";"Dragon"
793;70;80;6;85;"False";"Noivern";715;97;80;123;535;"Flying";"Dragon"
794;131;95;6;126;"True";"Xerneas";716;131;98;99;680;"Fairy";""
795;131;95;6;126;"True";"Yveltal";717;131;98;99;680;"Dark";"Flying"
796;100;121;6;108;"True";"Zygarde50% Forme";718;81;95;95;600;"Dragon";"Ground"
797;100;150;6;50;"True";"Diancie";719;100;150;50;600;"Rock";"Fairy"
798;160;110;6;50;"True";"DiancieMega Diancie";719;160;110;110;700;"Rock";"Fairy"
799;110;60;6;80;"True";"HoopaHoopa Confined";720;150;130;70;600;"Psychic";"Ghost"
800;160;60;6;80;"True";"HoopaHoopa Unbound";720;170;130;80;680;"Psychic";"Dark"
801;110;120;6;80;"True";"Volcanion";721;130;90;70;600;"Fire";"Water"
